id,anti_sense,sense
1,GATTTGTATTGATTGAGATTAAAG,CTTTAATCTCAATCAATACAAATC
2,TGATTGTAGTATGTATTGATAAAG,CTTTATCAATACATACTACAATCA
3,GATTGTAAGATTTGATAAAGTGTA,TACACTTTATCAAATCTTACAATC
4,GATTTGAAGATTATTGGTAATGTA,TACATTACCAATAATCTTCAAATC
5,GATTGATTATTGTGATTTGAATTG,CAATTCAAATCACAATAATCAATC
7,ATTGGTAAATTGGTAAATGAATTG,CAATTCATTTACCAATTTACCAAT
8,GTAAGTAATGAATGTAAAAGGATT,AATCCTTTTACATTCATTACTTAC
9,GTAAGATGTTGATATAGAAGATTA,TAATCTTCTATATCAACATCTTAC
11,GATTAAAGTGATTGATGATTTGTA,TACAAATCATCAATCACTTTAATC
12,AAAGAAAGAAAGAAAGAAAGTGTA,TACACTTTCTTTCTTTCTTTCTTT
13,TTAGTGAAGAAGTATAGTTTATTG,CAATAAACTATACTTCTTCACTAA
15,TGAATTGATGAATGAATGAAGTAT,ATACTTCATTCATTCATCAATTCA
16,TGATGATTTGAATGAAGATTGATT,AATCAATCTTCATTCAAATCATCA
17,TGATAAAGTGATAAAGGATTAAAG,CTTTAATCCTTTATCACTTTATCA
18,TGATTTGAGTATTTGAGATTTTGA,TCAAAATCTCAAATACTCAAATCA
19,GTATTTGAGTAAGTAATTGATTGA,TCAATCAATTACTTACTCAAATAC
21,TGATTTGAGATTAAAGAAAGGATT,AATCCTTTCTTTAATCTCAAATCA
23,AAAGTTGAGATTTGAATGATTGAA,TTCAATCATTCAAATCTCAACTTT
24,GTATTGTATTGAAAAGGTAATTGA,TCAATTACCTTTTCAATACAATAC
26,TGAAAAAGTGTAGATTTTGAGTAA,TTACTCAAAATCTACACTTTTTCA
28,TTGATAATGTTTGTTTGTTTGTAG,CTACAAACAAACAAACATTATCAA
29,AAAGAAAGGATTTGTAGTAAGATT,AATCTTACTACAAATCCTTTCTTT
30,GTAAAAAGAAAGGTATAAAGGTAA,TTACCTTTATACCTTTCTTTTTAC
31,GATTAAAGTTGATTGAAAAGTGAA,TTCACTTTTCAATCAACTTTAATC
32,GTAGATTAGTTTGAAGTGAATAAT,ATTATTCACTTCAAACTAATCTAC
33,AAAGGATTAAAGTGAAGTAATTGA,TCAATTACTTCACTTTAATCCTTT
37,ATTGAAAGATGAAAAGATGAAAAG,CTTTTCATCTTTTCATCTTTCAAT
38,ATTGTTGAAAAGTGTAATGATTGA,TCAATCATTACACTTTTCAACAAT
40,TAATGTTGTGAATAATGTAGAAAG,CTTTCTACATTATTCACAACATTA
42,GTTTATAGTGAAATATGAAGATAG,CTATCTTCATATTTCACTATAAAC
43,TGTAATGAGTATTGTAATTGAAAG,CTTTCAATTACAATACTCATTACA
44,GTATAAAGAAAGATTGGTAAATGA,TCATTTACCAATCTTTCTTTATAC
45,TTGAGTAATTGAATTGTGAAATGA,TCATTTCACAATTCAATTACTCAA
46,TGTATTGAATGAATTGTTGATGTA,TACATCAACAATTCATTCAATACA
47,ATTATGAAGTAAGTTAATGAGAAG,CTTCTCATTAACTTACTTCATAAT
48,ATTATTGAGATGTGAAGTTTGTTT,AAACAAACTTCACATCTCAATAAT
49,GTAAGTAAATTGAAAGATTGATGA,TCATCAATCTTTCAATTTACTTAC
50,GTAAATGATGATATTGGTATATTG,CAATATACCAATATCATCATTTAC
53,TGTAGAAGATGAGATGTATAATTA,TAATTATACATCTCATCTTCTACA
54,ATGAATTGAAAGTGATTGAAAAAG,CTTTTTCAATCACTTTCAATTCAT
57,GTAATGATAAAGATGATGATATTG,CAATATCATCATCTTTATCATTAC
64,GTAAGTAGTAATTTGAATATGTAG,CTACATATTCAAATTACTACTTAC
66,GTAGATAGTATAGTTGTAATGTTA,TAACATTACAACTATACTATCTAC
67,GATTTGTAATTGTTGAGTAAATGA,TCATTTACTCAACAATTACAAATC
68,AAAGAAAGATTGTTGAGATTATGA,TCATAATCTCAACAATCTTTCTTT
70,TGATATGAATTGGATTATTGGTAT,ATACCAATAATCCAATTCATATCA
72,GATTATTGGATTAAAGGTAAATGA,TCATTTACCTTTAATCCAATAATC
73,ATTGTTGAATTGATGAGATTTGAT,ATCAAATCTCATCAATTCAACAAT
