barcode,index
CTTTAATCTCAATCAATACAAATC,TAGGTGTT
CTTTATCAATACATACTACAATCA,TAGGTGTT
CAATTCAAATCACAATAATCAATC,AGGCTGGA
CAATTCATTTACCAATTTACCAAT,AGGCTGGA
AATCCTTTTACATTCATTACTTAC,GATGCAAT
TAATCTTCTATATCAACATCTTAC,GATGCAAT
AATCAATCTTCATTCAAATCATCA,AGCTACGT
TCAATCAATTACTTACTCAAATAC,AGCTACGT
TTCAATCATTCAAATCTCAACTTT,CAGTTAGT
TTACTCAAAATCTACACTTTTTCA,CAGTTAGT
CTACAAACAAACAAACATTATCAA,ATCTTAAG
TTACCTTTATACCTTTCTTTTTAC,ATCTTAAG
ATTATTCACTTCAAACTAATCTAC,CTGTTTAA
TCAATTACTTCACTTTAATCCTTT,CTGTTTAA
TCAATCATTACACTTTTCAACAAT,CGAATTCA
CTATCTTCATATTTCACTATAAAC,CGAATTCA
CTTTCAATTACAATACTCATTACA,AATAGGAT
TCATTTACCAATCTTTCTTTATAC,AATAGGAT
TCATTTCACAATTCAATTACTCAA,TCCTATAT
CTTCTCATTAACTTACTTCATAAT,TCCTATAT
AAACAAACTTCACATCTCAATAAT,TAGCAACT
TCATCAATCTTTCAATTTACTTAC,TAGCAACT
CAATATACCAATATCATCATTTAC,ACTAGCTA
TAATTATACATCTCATCTTCTACA,ACTAGCTA
CTTTTTCAATCACTTTCAATTCAT,GTTAACTC
CAATATCATCATCTTTATCATTAC,GTTAACTC
CTACATATTCAAATTACTACTTAC,GAATCTAG
TAACATTACAACTATACTATCTAC,GAATCTAG
TCATTTACTCAACAATTACAAATC,GATTCGTA
TCATAATCTCAACAATCTTTCTTT,GATTCGTA
ATACCAATAATCCAATTCATATCA,GCAATCTT
TCATTTACCTTTAATCCAATAATC,GCAATCTT
ATCAAATCTCATCAATTCAACAAT,ACGGTATA
ALL,TGTGACTA
ALL,TCAGCATT
ALL,ATAACGGT
