barcode,index,count
AAACAAACTTCACATCTCAATAAT,TAGCAACT,77128
AATCAATCTTCATTCAAATCATCA,AGCTACGT,146783
AATCCTTTTACATTCATTACTTAC,GATGCAAT,70390
ATCAAATCTCATCAATTCAACAAT,ACGGTATA,38249
ATTATTCACTTCAAACTAATCTAC,CTGTTTAA,118605
CAATATACCAATATCATCATTTAC,ACTAGCTA,102255
CAATATCATCATCTTTATCATTAC,GTTAACTC,93859
CAATTCAAATCACAATAATCAATC,AGGCTGGA,109259
CAATTCAAATCACAATAATCAATC,GCAATCTT,48849
CAATTCATTTACCAATTTACCAAT,AGGCTGGA,51331
CTACAAACAAACAAACATTATCAA,ATCTTAAG,161910
CTATCTTCATATTTCACTATAAAC,CGAATTCA,137663
CTTCTCATTAACTTACTTCATAAT,TCCTATAT,47615
CTTTAATCTCAATCAATACAAATC,TAGGTGTT,91251
CTTTATCAATACATACTACAATCA,TAGGTGTT,102417
CTTTCAATTACAATACTCATTACA,AATAGGAT,115416
CTTTTTCAATCACTTTCAATTCAT,GTTAACTC,84123
TAACATTACAACTATACTATCTAC,GAATCTAG,36095
TAATCTTCTATATCAACATCTTAC,GATGCAAT,72168
TAATTATACATCTCATCTTCTACA,ACTAGCTA,95302
TAATTATACATCTCATCTTCTACA,GAATCTAG,69635
TCAATCAATTACTTACTCAAATAC,AGCTACGT,138519
TCAATCATTACACTTTTCAACAAT,CGAATTCA,102816
TCAATTACTTCACTTTAATCCTTT,CTGTTTAA,277868
TCATAATCTCAACAATCTTTCTTT,GATTCGTA,70481
TCATCAATCTTTCAATTTACTTAC,TAGCAACT,70576
TCATTTACCAATCTTTCTTTATAC,AATAGGAT,107537
TCATTTACCAATCTTTCTTTATAC,GCAATCTT,12928
TCATTTACCTTTAATCCAATAATC,GCAATCTT,60348
TCATTTACTCAACAATTACAAATC,GATTCGTA,60201
TCATTTCACAATTCAATTACTCAA,TCCTATAT,45943
TTACCTTTATACCTTTCTTTTTAC,ATCTTAAG,164466
TTACTCAAAATCTACACTTTTTCA,CAGTTAGT,144298
TTCAATCATTCAAATCTCAACTTT,CAGTTAGT,149034
