barcode,index,count,expected
AAACAAACTTCACATCTCAATAAT,TAGCAACT,77128,TRUE
AATCAATCTTCATTCAAATCATCA,AGCTACGT,146783,TRUE
AATCCTTTTACATTCATTACTTAC,GATGCAAT,70390,TRUE
ATCAAATCTCATCAATTCAACAAT,ACGGTATA,38249,TRUE
ATTATTCACTTCAAACTAATCTAC,CTGTTTAA,118605,TRUE
CAATATACCAATATCATCATTTAC,ACTAGCTA,102255,TRUE
CAATATCATCATCTTTATCATTAC,GTTAACTC,93859,TRUE
CAATTCAAATCACAATAATCAATC,AGGCTGGA,109259,TRUE
CAATTCAAATCACAATAATCAATC,GCAATCTT,48849,FALSE
CAATTCATTTACCAATTTACCAAT,AGGCTGGA,51331,TRUE
CTACAAACAAACAAACATTATCAA,ATCTTAAG,161910,TRUE
CTATCTTCATATTTCACTATAAAC,CGAATTCA,137663,TRUE
CTTCTCATTAACTTACTTCATAAT,TCCTATAT,47615,TRUE
CTTTAATCTCAATCAATACAAATC,TAGGTGTT,91251,TRUE
CTTTATCAATACATACTACAATCA,TAGGTGTT,102417,TRUE
CTTTCAATTACAATACTCATTACA,AATAGGAT,115416,TRUE
CTTTTTCAATCACTTTCAATTCAT,GTTAACTC,84123,TRUE
TAACATTACAACTATACTATCTAC,GAATCTAG,36095,TRUE
TAATCTTCTATATCAACATCTTAC,GATGCAAT,72168,TRUE
TAATTATACATCTCATCTTCTACA,ACTAGCTA,95302,TRUE
TAATTATACATCTCATCTTCTACA,GAATCTAG,69635,FALSE
TCAATCAATTACTTACTCAAATAC,AGCTACGT,138519,TRUE
TCAATCATTACACTTTTCAACAAT,CGAATTCA,102816,TRUE
TCAATTACTTCACTTTAATCCTTT,CTGTTTAA,277868,TRUE
TCATAATCTCAACAATCTTTCTTT,GATTCGTA,70481,TRUE
TCATCAATCTTTCAATTTACTTAC,TAGCAACT,70576,TRUE
TCATTTACCAATCTTTCTTTATAC,AATAGGAT,107537,TRUE
TCATTTACCAATCTTTCTTTATAC,GCAATCTT,12928,FALSE
TCATTTACCTTTAATCCAATAATC,GCAATCTT,60348,TRUE
TCATTTACTCAACAATTACAAATC,GATTCGTA,60201,TRUE
TCATTTCACAATTCAATTACTCAA,TCCTATAT,45943,TRUE
TTACCTTTATACCTTTCTTTTTAC,ATCTTAAG,164466,TRUE
TTACTCAAAATCTACACTTTTTCA,CAGTTAGT,144298,TRUE
TTCAATCATTCAAATCTCAACTTT,CAGTTAGT,149034,TRUE
